zcr,mfcc_1,mfcc_2,mfcc_3,mfcc_4,mfcc_5,mfcc_6,mfcc_7,mfcc_8,mfcc_9,mfcc_10,mfcc_11,mfcc_12,mfcc_13,mfcc_14,mfcc_15,rms,centroid,rolloff,flux,osc_1,osc_2,osc_3,osc_4,osc_5,osc_6,osc_7,osc_8,osc_9,osc_10,osc_11,osc_12,osc_13,osc_14,osc_15,osc_16,osc_17
0.2146147107858374,0.8340006571696333,0.7831342946889336,0.2411977919580418,0.3794122080211097,0.3736971716735054,0.4990802073152755,0.5162102698894314,0.4649376453798,0.5048451488709325,0.4975156855500987,0.36743354181459775,0.3186263195200081,0.3785870490738383,0.37762841110604367,0.45588989271889746,0.2954424330771706,0.16881591818823766,0.20022190461862494,0.055369438602381894,0.5226032958684697,0.709857109356663,0.8317119566430917,0.8618910078663531,0.9090736835352016,0.8464701310234973,0.7713246304672144,0.6921324258007099,0.6902291096257417,0.4782633110035922,0.3075929821741654,0.22804187445016408,0.3430263956350723,0.49130277981125375,0.5053063606133243,0.5421030876255787,0.35138926696135536