zcr,mfcc_1,mfcc_2,mfcc_3,mfcc_4,mfcc_5,mfcc_6,mfcc_7,mfcc_8,mfcc_9,mfcc_10,mfcc_11,mfcc_12,mfcc_13,mfcc_14,mfcc_15,rms,centroid,rolloff,flux
0.3574557065754896,0.8581431566754787,0.542051217065331,0.4990766807458637,0.6105197936011288,0.48068935184749684,0.5343301083932791,0.44813249129106447,0.5831380661785284,0.5256472649767309,0.12800660860224314,0.20595788398363382,0.33565085567722935,0.3627296744376832,0.17571231622685526,0.345310599465653,0.36683494471256206,0.369354087196483,0.30120731156912894,0.15801087481631862