mfcc_1,mfcc_2,mfcc_3,mfcc_4,mfcc_5,mfcc_6,mfcc_7,mfcc_8,mfcc_9,mfcc_10,mfcc_11,mfcc_12,mfcc_13,mfcc_14,mfcc_15,centroid
0.8773732905309166,0.5474978762390535,0.3961243861030304,0.5350725147496325,0.5664672916016303,0.6530187570552312,0.61116241790532,0.4989742542083055,0.4614878524771773,0.6546570745978787,0.44044053565610203,0.3947166587137355,0.23261328202144563,0.45025668275311226,0.43248391740686454,0.33478715613482585